time.start,day,duration,frequency
10:33:00 AM,Wednesday,72,7
10:40:00 AM,Wednesday,28,7
10:47:00 AM,Wednesday,57,8
10:55:00 AM,Wednesday,60,21
11:16:00 AM,Wednesday,88,11
11:27:00 AM,Wednesday,86,27
11:55:00 AM,Wednesday,60,21
12:16:00 PM,Wednesday,90,13
12:30:00 PM,Wednesday,86,15
12:46:00 PM,Wednesday,82,9
12:56:00 PM,Wednesday,54,12
01:09:00 PM,Wednesday,69,12
01:22:00 PM,Wednesday,60,10
01:33:00 PM,Wednesday,26,14
01:47:00 PM,Wednesday,76,4
08:00:00 AM,Thursday,75,5
08:00:00 AM,Thursday,36,7.5
08:00:00 AM,Thursday,83,6.25
08:00:00 AM,Thursday,101,6.25
08:00:00 AM,Thursday,78,14.5
08:00:00 AM,Thursday,62,7
08:00:00 AM,Thursday,121,5.75
08:00:00 AM,Thursday,66,6
08:00:00 AM,Thursday,140,10.5
08:00:00 AM,Thursday,143,5
08:00:00 AM,Thursday,95,6
08:00:00 AM,Thursday,127,11
08:00:00 AM,Thursday,148,8
08:00:00 AM,Thursday,105,6.75
08:00:00 AM,Thursday,162,6
08:00:00 AM,Thursday,106,6
08:00:00 AM,Thursday,74,4.75
08:00:00 AM,Thursday,103,7
08:00:00 AM,Thursday,69,7
08:00:00 AM,Thursday,119,7.75
08:00:00 AM,Thursday,91,14
08:00:00 AM,Thursday,74,4
08:00:00 AM,Thursday,137,7
08:00:00 AM,Thursday,61,6.5
08:00:00 AM,Thursday,88,6.75
04:15:00 PM,Thursday,134,5
04:15:00 PM,Thursday,142,4.25
04:15:00 PM,Thursday,90,6.25
04:15:00 PM,Thursday,123,6
04:15:00 PM,Thursday,104,5.25
04:15:00 PM,Thursday,139,12
04:15:00 PM,Thursday,132,6.67
04:15:00 PM,Thursday,155,6
04:15:00 PM,Thursday,159,6
04:15:00 PM,Thursday,84,5
04:15:00 PM,Thursday,146,6
04:15:00 PM,Thursday,116,5.25
04:15:00 PM,Thursday,129,5.5
04:15:00 PM,Thursday,116,5
04:15:00 PM,Thursday,87,9
04:15:00 PM,Thursday,80,5
07:30:00 PM,Thursday,184,4.5
07:30:00 PM,Thursday,107,5
07:30:00 PM,Thursday,95,4.25
07:30:00 PM,Thursday,193,5
07:30:00 PM,Thursday,129,5
07:30:00 PM,Thursday,101,5
07:30:00 PM,Thursday,154,5.75
07:30:00 PM,Thursday,183,6.5
07:30:00 PM,Thursday,142,4.33
07:30:00 PM,Thursday,93,4.5
07:30:00 PM,Thursday,101,5.5
07:30:00 PM,Thursday,105,6
07:30:00 PM,Thursday,96,4.25
07:30:00 PM,Thursday,76,5
07:30:00 PM,Thursday,120,5
07:30:00 PM,Thursday,112,5.33
07:30:00 PM,Thursday,131,6
07:30:00 PM,Thursday,140,5.25
07:30:00 PM,Thursday,228,5.75
07:30:00 PM,Thursday,156,5
07:30:00 PM,Thursday,174,5
07:30:00 PM,Thursday,126,4.75
07:30:00 PM,Thursday,151,5
07:30:00 PM,Thursday,94,4
07:30:00 PM,Thursday,188,5.5
