{"chunk_definitions":[{"row":10,"row_count":1,"visible":true,"expansion_state":0,"options":{"engine":"r","label":"setup","include":false},"document_id":"5C2AA92E","chunk_id":"csetup_chunk","chunk_label":"setup"},{"row":82,"row_count":1,"visible":true,"expansion_state":0,"options":{"engine":"r","label":"unnamed-chunk-4"},"document_id":"5C2AA92E","chunk_id":"c866ua1e83nza","chunk_label":"unnamed-chunk-1"},{"row":89,"row_count":1,"visible":true,"expansion_state":0,"options":{"engine":"r","label":"unnamed-chunk-5"},"document_id":"5C2AA92E","chunk_id":"co5hdcoo19gc2","chunk_label":"unnamed-chunk-2"},{"row":107,"row_count":1,"visible":true,"expansion_state":0,"options":{"engine":"r","eval":false,"label":"unnamed-chunk-6"},"document_id":"5C2AA92E","chunk_id":"cos7hhmp8gtoz","chunk_label":"unnamed-chunk-3"},{"row":134,"row_count":1,"visible":true,"expansion_state":0,"options":{"engine":"r","label":"unnamed-chunk-14"},"document_id":"5C2AA92E","chunk_id":"cqm4c81m2idto","chunk_label":"unnamed-chunk-5"},{"row":141,"row_count":1,"visible":true,"expansion_state":0,"options":{"engine":"r","label":"unnamed-chunk-18"},"document_id":"5C2AA92E","chunk_id":"cg3fglq10vqtt","chunk_label":"unnamed-chunk-6"},{"row":166,"row_count":1,"visible":true,"expansion_state":0,"options":{"engine":"r","label":"unnamed-chunk-9"},"document_id":"5C2AA92E","chunk_id":"cmdo8xxlfw4x1","chunk_label":"unnamed-chunk-8"},{"row":219,"row_count":1,"visible":true,"expansion_state":0,"options":{"engine":"r","label":"unnamed-chunk-22"},"document_id":"5C2AA92E","chunk_id":"coet1x1mmk0og","chunk_label":"unnamed-chunk-12"}],"doc_write_time":1623825370,"working_dir":null,"default_chunk_options":{"echo":true}}